Workbook

Sheet Lineup
A1: Yeager 9U vs Next Level Black
A2: Bollinger Classic · 9U · Pool Play Game 2 · 3:30 PM — editable defensive plan
A4: POS | B4: Inn 1 | C4: Inn 2 | D4: Inn 3 | E4: Inn 4 | F4: Inn 5 | G4: Inn 6 | I4: INNINGS PLAYED (auto)
A5: P | B5: Martini | C5: Martini | D5: Powers | E5: Sander | F5: Mills | G5: Mills | I5: Player | J5: Field | K5: Pitch | L5: Role
A6: C | B6: Ruther | C6: Ruther | D6: Ruther | E6: Ruther | F6: Ruther | G6: Ruther | I6: Ruther | J6: =COUNTIF($B$5:$G$13,I6) -> 6 | K6: =COUNTIF($B$5:$G$5,I6) -> 0 | L6: C — all 6
A7: 1B | B7: Adams | C7: Adams | D7: Mills | E7: Adams | F7: Adams | G7: Adams | I7: Adams | J7: =COUNTIF($B$5:$G$13,I7) -> 5 | K7: =COUNTIF($B$5:$G$5,I7) -> 0 | L7: 1B (shares w/ Mills)
A8: 2B | B8: Grayson | C8: Sander | D8: Grayson | E8: Grayson | F8: Grayson | G8: Sander | I8: Martini | J8: =COUNTIF($B$5:$G$13,I8) -> 6 | K8: =COUNTIF($B$5:$G$5,I8) -> 2 | L8: SS / ace
A9: 3B | B9: Lasita | C9: Lasita | D9: Lasita | E9: Lasita | F9: Lasita | G9: Lasita | I9: Lasita | J9: =COUNTIF($B$5:$G$13,I9) -> 6 | K9: =COUNTIF($B$5:$G$5,I9) -> 0 | L9: 3B — all 6
A10: SS | B10: Powers | C10: Powers | D10: Martini | E10: Martini | F10: Martini | G10: Martini | I10: Grayson | J10: =COUNTIF($B$5:$G$13,I10) -> 6 | K10: =COUNTIF($B$5:$G$5,I10) -> 0 | L10: Util — keep in
A11: LF | B11: Niemer | C11: Grayson | D11: Fristoe | E11: Niemer | F11: Niemer | G11: Powers | I11: Powers | J11: =COUNTIF($B$5:$G$13,I11) -> 6 | K11: =COUNTIF($B$5:$G$5,I11) -> 1 | L11: Util — keep in
A12: CF | B12: Todd | C12: Todd | D12: Todd | E12: Powers | F12: Powers | G12: Todd | I12: Sander | J12: =COUNTIF($B$5:$G$13,I12) -> 3 | K12: =COUNTIF($B$5:$G$5,I12) -> 1 | L12: 2B / arm
A13: RF | B13: Floyd | C13: Fristoe | D13: Floyd | E13: Floyd | F13: Fristoe | G13: Grayson | I13: Mills | J13: =COUNTIF($B$5:$G$13,I13) -> 3 | K13: =COUNTIF($B$5:$G$5,I13) -> 2 | L13: 1B / closer
A14: Check | B14: =IF(SUMPRODUCT(COUNTIF(B5:B13,B5:B13))>9,"DUP","ok") -> ok | C14: =IF(SUMPRODUCT(COUNTIF(C5:C13,C5:C13))>9,"DUP","ok") -> ok | D14: =IF(SUMPRODUCT(COUNTIF(D5:D13,D5:D13))>9,"DUP","ok") -> ok | E14: =IF(SUMPRODUCT(COUNTIF(E5:E13,E5:E13))>9,"DUP","ok") -> ok | F14: =IF(SUMPRODUCT(COUNTIF(F5:F13,F5:F13))>9,"DUP","ok") -> ok | G14: =IF(SUMPRODUCT(COUNTIF(G5:G13,G5:G13))>9,"DUP","ok") -> ok | I14: Todd | J14: =COUNTIF($B$5:$G$13,I14) -> 4 | K14: =COUNTIF($B$5:$G$5,I14) -> 0 | L14: CF — rotates
A15: BENCH | B15: =LEFT(B40&B41&B42&B43&B44&B45&B46&B47&B48&B49&B50&B51,MAX(0,LEN(B40&B41&B42&B43&B44&B45&B46&B47&B48&B49&B50&B51)-2)) -> Sander, Mills, Fristoe | C15: =LEFT(C40&C41&C42&C43&C44&C45&C46&C47&C48&C49&C50&C51,MAX(0,LEN(C40&C41&C42&C43&C44&C45&C46&C47&C48&C49&C50&C51)-2)) -> Mills, Floyd, Niemer | D15: =LEFT(D40&D41&D42&D43&D44&D45&D46&D47&D48&D49&D50&D51,MAX(0,LEN(D40&D41&D42&D43&D44&D45&D46&D47&D48&D49&D50&D51)-2)) -> Adams, Sander, Niemer | E15: =LEFT(E40&E41&E42&E43&E44&E45&E46&E47&E48&E49&E50&E51,MAX(0,LEN(E40&E41&E42&E43&E44&E45&E46&E47&E48&E49&E50&E51)-2)) -> Mills, Todd, Fristoe | F15: =LEFT(F40&F41&F42&F43&F44&F45&F46&F47&F48&F49&F50&F51,MAX(0,LEN(F40&F41&F42&F43&F44&F45&F46&F47&F48&F49&F50&F51)-2)) -> Sander, Todd, Floyd | G15: =LEFT(G40&G41&G42&G43&G44&G45&G46&G47&G48&G49&G50&G51,MAX(0,LEN(G40&G41&G42&G43&G44&G45&G46&G47&G48&G49&G50&G51)-2)) -> Floyd, Niemer, Fristoe | I15: Floyd | J15: =COUNTIF($B$5:$G$13,I15) -> 3 | K15: =COUNTIF($B$5:$G$5,I15) -> 0 | L15: RF
A16: Bat the full roster continuously — bench is defense only; benched players still hit. | I16: Niemer | J16: =COUNTIF($B$5:$G$13,I16) -> 3 | K16: =COUNTIF($B$5:$G$5,I16) -> 0 | L16: Corner OF
A17: HOW TO USE: | I17: Fristoe | J17: =COUNTIF($B$5:$G$13,I17) -> 3 | K17: =COUNTIF($B$5:$G$5,I17) -> 0 | L17: Corner OF
A18: • Click any white cell in the grid → pick a player from the dropdown. | I18: TOTAL | J18: =SUM(J6:J17) -> 54 | K18: =SUM(K6:K17) -> 6 | L18: Field must = 54
A19: • 'Check' row flags DUP (red) if a player is listed twice in one inning.
A20: • 'Innings Played' (right) updates live; TOTAL turns red if it isn't 54. | I20: "Field" counts pitching too. Pitch cap = 3/game; keep arms ≤2 to stay available tomorrow.
A21: • Pitching = the top (P) row. Today's plan: Martini 2, Powers 1, Sander 1, Mills 2; Ruther held for tomorrow.
B40: =IF(COUNTIF(B5:B13,'Roster & Stats'!$B$2)=0,'Roster & Stats'!$B$2&", ","") | C40: =IF(COUNTIF(C5:C13,'Roster & Stats'!$B$2)=0,'Roster & Stats'!$B$2&", ","") | D40: =IF(COUNTIF(D5:D13,'Roster & Stats'!$B$2)=0,'Roster & Stats'!$B$2&", ","") | E40: =IF(COUNTIF(E5:E13,'Roster & Stats'!$B$2)=0,'Roster & Stats'!$B$2&", ","") | F40: =IF(COUNTIF(F5:F13,'Roster & Stats'!$B$2)=0,'Roster & Stats'!$B$2&", ","") | G40: =IF(COUNTIF(G5:G13,'Roster & Stats'!$B$2)=0,'Roster & Stats'!$B$2&", ","")
B41: =IF(COUNTIF(B5:B13,'Roster & Stats'!$B$3)=0,'Roster & Stats'!$B$3&", ","") | C41: =IF(COUNTIF(C5:C13,'Roster & Stats'!$B$3)=0,'Roster & Stats'!$B$3&", ","") | D41: =IF(COUNTIF(D5:D13,'Roster & Stats'!$B$3)=0,'Roster & Stats'!$B$3&", ","") -> Adams, | E41: =IF(COUNTIF(E5:E13,'Roster & Stats'!$B$3)=0,'Roster & Stats'!$B$3&", ","") | F41: =IF(COUNTIF(F5:F13,'Roster & Stats'!$B$3)=0,'Roster & Stats'!$B$3&", ","") | G41: =IF(COUNTIF(G5:G13,'Roster & Stats'!$B$3)=0,'Roster & Stats'!$B$3&", ","")
B42: =IF(COUNTIF(B5:B13,'Roster & Stats'!$B$4)=0,'Roster & Stats'!$B$4&", ","") | C42: =IF(COUNTIF(C5:C13,'Roster & Stats'!$B$4)=0,'Roster & Stats'!$B$4&", ","") | D42: =IF(COUNTIF(D5:D13,'Roster & Stats'!$B$4)=0,'Roster & Stats'!$B$4&", ","") | E42: =IF(COUNTIF(E5:E13,'Roster & Stats'!$B$4)=0,'Roster & Stats'!$B$4&", ","") | F42: =IF(COUNTIF(F5:F13,'Roster & Stats'!$B$4)=0,'Roster & Stats'!$B$4&", ","") | G42: =IF(COUNTIF(G5:G13,'Roster & Stats'!$B$4)=0,'Roster & Stats'!$B$4&", ","")
B43: =IF(COUNTIF(B5:B13,'Roster & Stats'!$B$5)=0,'Roster & Stats'!$B$5&", ","") | C43: =IF(COUNTIF(C5:C13,'Roster & Stats'!$B$5)=0,'Roster & Stats'!$B$5&", ","") | D43: =IF(COUNTIF(D5:D13,'Roster & Stats'!$B$5)=0,'Roster & Stats'!$B$5&", ","") | E43: =IF(COUNTIF(E5:E13,'Roster & Stats'!$B$5)=0,'Roster & Stats'!$B$5&", ","") | F43: =IF(COUNTIF(F5:F13,'Roster & Stats'!$B$5)=0,'Roster & Stats'!$B$5&", ","") | G43: =IF(COUNTIF(G5:G13,'Roster & Stats'!$B$5)=0,'Roster & Stats'!$B$5&", ","")
B44: =IF(COUNTIF(B5:B13,'Roster & Stats'!$B$6)=0,'Roster & Stats'!$B$6&", ","") | C44: =IF(COUNTIF(C5:C13,'Roster & Stats'!$B$6)=0,'Roster & Stats'!$B$6&", ","") | D44: =IF(COUNTIF(D5:D13,'Roster & Stats'!$B$6)=0,'Roster & Stats'!$B$6&", ","") | E44: =IF(COUNTIF(E5:E13,'Roster & Stats'!$B$6)=0,'Roster & Stats'!$B$6&", ","") | F44: =IF(COUNTIF(F5:F13,'Roster & Stats'!$B$6)=0,'Roster & Stats'!$B$6&", ","") | G44: =IF(COUNTIF(G5:G13,'Roster & Stats'!$B$6)=0,'Roster & Stats'!$B$6&", ","")
B45: =IF(COUNTIF(B5:B13,'Roster & Stats'!$B$7)=0,'Roster & Stats'!$B$7&", ","") | C45: =IF(COUNTIF(C5:C13,'Roster & Stats'!$B$7)=0,'Roster & Stats'!$B$7&", ","") | D45: =IF(COUNTIF(D5:D13,'Roster & Stats'!$B$7)=0,'Roster & Stats'!$B$7&", ","") | E45: =IF(COUNTIF(E5:E13,'Roster & Stats'!$B$7)=0,'Roster & Stats'!$B$7&", ","") | F45: =IF(COUNTIF(F5:F13,'Roster & Stats'!$B$7)=0,'Roster & Stats'!$B$7&", ","") | G45: =IF(COUNTIF(G5:G13,'Roster & Stats'!$B$7)=0,'Roster & Stats'!$B$7&", ","")
B46: =IF(COUNTIF(B5:B13,'Roster & Stats'!$B$8)=0,'Roster & Stats'!$B$8&", ","") -> Sander, | C46: =IF(COUNTIF(C5:C13,'Roster & Stats'!$B$8)=0,'Roster & Stats'!$B$8&", ","") | D46: =IF(COUNTIF(D5:D13,'Roster & Stats'!$B$8)=0,'Roster & Stats'!$B$8&", ","") -> Sander, | E46: =IF(COUNTIF(E5:E13,'Roster & Stats'!$B$8)=0,'Roster & Stats'!$B$8&", ","") | F46: =IF(COUNTIF(F5:F13,'Roster & Stats'!$B$8)=0,'Roster & Stats'!$B$8&", ","") -> Sander, | G46: =IF(COUNTIF(G5:G13,'Roster & Stats'!$B$8)=0,'Roster & Stats'!$B$8&", ","")
B47: =IF(COUNTIF(B5:B13,'Roster & Stats'!$B$9)=0,'Roster & Stats'!$B$9&", ","") -> Mills, | C47: =IF(COUNTIF(C5:C13,'Roster & Stats'!$B$9)=0,'Roster & Stats'!$B$9&", ","") -> Mills, | D47: =IF(COUNTIF(D5:D13,'Roster & Stats'!$B$9)=0,'Roster & Stats'!$B$9&", ","") | E47: =IF(COUNTIF(E5:E13,'Roster & Stats'!$B$9)=0,'Roster & Stats'!$B$9&", ","") -> Mills, | F47: =IF(COUNTIF(F5:F13,'Roster & Stats'!$B$9)=0,'Roster & Stats'!$B$9&", ","") | G47: =IF(COUNTIF(G5:G13,'Roster & Stats'!$B$9)=0,'Roster & Stats'!$B$9&", ","")
B48: =IF(COUNTIF(B5:B13,'Roster & Stats'!$B$10)=0,'Roster & Stats'!$B$10&", ","") | C48: =IF(COUNTIF(C5:C13,'Roster & Stats'!$B$10)=0,'Roster & Stats'!$B$10&", ","") | D48: =IF(COUNTIF(D5:D13,'Roster & Stats'!$B$10)=0,'Roster & Stats'!$B$10&", ","") | E48: =IF(COUNTIF(E5:E13,'Roster & Stats'!$B$10)=0,'Roster & Stats'!$B$10&", ","") -> Todd, | F48: =IF(COUNTIF(F5:F13,'Roster & Stats'!$B$10)=0,'Roster & Stats'!$B$10&", ","") -> Todd, | G48: =IF(COUNTIF(G5:G13,'Roster & Stats'!$B$10)=0,'Roster & Stats'!$B$10&", ","")
B49: =IF(COUNTIF(B5:B13,'Roster & Stats'!$B$11)=0,'Roster & Stats'!$B$11&", ","") | C49: =IF(COUNTIF(C5:C13,'Roster & Stats'!$B$11)=0,'Roster & Stats'!$B$11&", ","") -> Floyd, | D49: =IF(COUNTIF(D5:D13,'Roster & Stats'!$B$11)=0,'Roster & Stats'!$B$11&", ","") | E49: =IF(COUNTIF(E5:E13,'Roster & Stats'!$B$11)=0,'Roster & Stats'!$B$11&", ","") | F49: =IF(COUNTIF(F5:F13,'Roster & Stats'!$B$11)=0,'Roster & Stats'!$B$11&", ","") -> Floyd, | G49: =IF(COUNTIF(G5:G13,'Roster & Stats'!$B$11)=0,'Roster & Stats'!$B$11&", ","") -> Floyd,
B50: =IF(COUNTIF(B5:B13,'Roster & Stats'!$B$12)=0,'Roster & Stats'!$B$12&", ","") | C50: =IF(COUNTIF(C5:C13,'Roster & Stats'!$B$12)=0,'Roster & Stats'!$B$12&", ","") -> Niemer, | D50: =IF(COUNTIF(D5:D13,'Roster & Stats'!$B$12)=0,'Roster & Stats'!$B$12&", ","") -> Niemer, | E50: =IF(COUNTIF(E5:E13,'Roster & Stats'!$B$12)=0,'Roster & Stats'!$B$12&", ","") | F50: =IF(COUNTIF(F5:F13,'Roster & Stats'!$B$12)=0,'Roster & Stats'!$B$12&", ","") | G50: =IF(COUNTIF(G5:G13,'Roster & Stats'!$B$12)=0,'Roster & Stats'!$B$12&", ","") -> Niemer,
B51: =IF(COUNTIF(B5:B13,'Roster & Stats'!$B$13)=0,'Roster & Stats'!$B$13&", ","") -> Fristoe, | C51: =IF(COUNTIF(C5:C13,'Roster & Stats'!$B$13)=0,'Roster & Stats'!$B$13&", ","") | D51: =IF(COUNTIF(D5:D13,'Roster & Stats'!$B$13)=0,'Roster & Stats'!$B$13&", ","") | E51: =IF(COUNTIF(E5:E13,'Roster & Stats'!$B$13)=0,'Roster & Stats'!$B$13&", ","") -> Fristoe, | F51: =IF(COUNTIF(F5:F13,'Roster & Stats'!$B$13)=0,'Roster & Stats'!$B$13&", ","") | G51: =IF(COUNTIF(G5:G13,'Roster & Stats'!$B$13)=0,'Roster & Stats'!$B$13&", ","") -> Fristoe,

Sheet Roster & Stats
A1: # | B1: Player | C1: Primary | D1: AVG | E1: OPS | F1: P-IP | G1: ERA | H1: WHIP | I1: Strike% | J1: Notes
A2: 15 | B2: Ruther | C2: C | D2: .426 | E2: 1.081 | F2: 9.1 | G2: 9.00 | H2: 2.04 | I2: 57% | J2: Everyday catcher. Held off mound today = fresh tomorrow.
A3: 3 | B3: Adams | C3: 1B | D3: .537 | E3: 1.316 | F3: 17.0 | G3: 13.06 | H3: 3.18 | I3: 61% | J3: Everyday 1B, big bat. Shares 1B with Mills.
A4: 21 | B4: Martini | C4: SS | D4: .634 | E4: 1.465 | F4: 28.2 | G4: 8.16 | H4: 1.88 | I4: 64% | J4: Best hitter + ace. Best strike-thrower. Start him.
A5: 5 | B5: Lasita | C5: 3B | D5: .500 | E5: 1.349 | F5: 9.1 | G5: 13.50 | H5: 3.00 | I5: 51% | J5: Everyday 3B, big bat. Wild on mound.
A6: 1 | B6: Grayson | C6: 2B | D6: .328 | E6: .948 | F6: 10.2 | G6: 10.69 | H6: 2.44 | I6: 55% | J6: Top glove, solid anywhere. Keep in all 6.
A7: 2 | B7: Powers | C7: SS/CF | D7: .492 | E7: 1.324 | F7: 7.0 | G7: 5.14 | H7: 2.14 | I7: 48% | J7: Solid anywhere. Low ERA/BAA. Keep in all 6.
A8: 56 | B8: Sander | C8: 2B | D8: .340 | E8: .848 | F8: 12.1 | G8: 7.78 | H8: 2.19 | I8: 59% | J8: Steady 2B, throws strikes. 1 IP today.
A9: 6 | B9: Mills | C9: 1B/P | D9: .464 | E9: 1.192 | F9: 28.2 | G9: 7.12 | H9: 1.85 | I9: 53% | J9: Workhorse arm (1.85 WHIP, 35K). Shares 1B; closes today.
A10: 9 | B10: Todd | C10: CF | D10: .327 | E10: 1.043 | F10: 5.2 | G10: 19.06 | H10: 4.06 | I10: 45% | J10: Good CF glove, ok to rotate. Avoid mound (wild).
A11: 11 | B11: Floyd | C11: RF | D11: .397 | E11: .948 | F11: 6.2 | G11: 8.10 | H11: 2.40 | I11: 48% | J11: Everyday RF. Emergency low-leverage arm.
A12: 17 | B12: Niemer | C12: OF | D12: .345 | E12: .920 | F12: 6.0 | G12: 18.00 | H12: 4.17 | I12: 48% | J12: Corner OF, weaker glove. Cap innings.
A13: 19 | B13: Fristoe | C13: OF | D13: .333 | E13: .978 | F13: 5.1 | G13: 14.63 | H13: 3.38 | I13: 47% | J13: Corner OF, weaker glove. Cap innings.
B15: Pitching priority: Martini & Mills (top) → Powers, Sander → others. Avoid Todd/Niemer/Fristoe/Adams/Lasita on the mound in a close game.
